timestamp,character_name,timezone,schedule_varies,sun,mon,tue,wed,thu,fri,sat
2026/02/20 8:11:20 PM EST,Moondim,America/New_York,No,09-12|12-15|15-18,09-12|12-15|15-18,09-12|12-15|15-18,09-12|12-15|15-18,09-12|12-15|15-18,09-12|12-15|15-18,09-12|12-15|15-18
2026/02/20 8:29:02 PM EST,Oderus_Urungus,America/New_York,Yes,03-06,03-06,03-06,03-06,03-06,03-06,03-06
2026/02/21 12:54:54 AM EST,Niko,Europe/Helsinki,Yes,06-09|09-12|15-18|18-21|21-24,15-18|18-21,15-18|18-21,15-18|18-21,15-18|18-21,15-18|18-21|21-24,06-09|09-12|12-15|15-18|18-21|21-24
2026/02/22 10:37:45 AM EST,Ashes of Roses,America/Denver,Yes,12-15|15-18|18-21,09-12|12-15|15-18|18-21,09-12|12-15|15-18|18-21,09-12|12-15|15-18|18-21,09-12|12-15|15-18|18-21,09-12|12-15|15-18|18-21,09-12|12-15|15-18|18-21
2026/02/22 3:49:55 PM EST,Izik Naga,America/Los_Angeles,No,06-09|09-12|12-15|15-18,None,None,None,None,None,12-15|15-18
2026/02/22 4:06:02 PM EST,Indika,Europe/London,No,18-21|21-24,18-21|21-24,18-21|21-24,18-21|21-24,18-21|21-24,18-21|21-24,18-21|21-24
2026/02/22 4:07:10 PM EST,Samuel Vimes,America/Sao_Paulo,Yes,21-24,21-24,None,21-24,21-24,21-24,21-24
2026/02/22 4:13:37 PM EST,LilWereWolf,Europe/Moscow,No,18-21,18-21,18-21,18-21,18-21,18-21,18-21
2026/02/22 4:42:27 PM EST,Nubbington,Europe/London,No,15-18|18-21,18-21,18-21,18-21,18-21,18-21,15-18|18-21
2026/02/22 4:45:24 PM EST,Ligma,America/Los_Angeles,Yes,09-12|15-18|18-21,15-18|18-21,15-18|18-21,15-18|18-21,15-18|18-21,15-18|18-21,15-18|18-21
2026/02/22 5:18:44 PM EST,Tetlee,America/Phoenix,No,15-18|18-21,12-15|15-18|18-21,12-15|15-18|18-21,12-15|15-18|18-21,12-15|15-18|18-21,12-15|15-18|18-21,12-15|15-18|18-21
2026/02/22 5:36:02 PM EST,Ulric Vonloksly,Europe/Rome,Yes,15-18|18-21,18-21,18-21,18-21,18-21,18-21,15-18|18-21
2026/02/22 6:21:02 PM EST,Halic,America/New_York,Yes,03-06|06-09|21-24,09-12|12-15,09-12|12-15,09-12|12-15,09-12|12-15,09-12|12-15,03-06|06-09|21-24
2026/02/22 6:36:36 PM EST,Affray,Asia/Singapore,No,00-03,00-03,00-03,00-03,00-03,00-03,00-03
2026/02/22 6:38:55 PM EST,Whisky Wilde/Aaron Wilde,America/Chicago,No,09-12|12-15|15-18,15-18,15-18,15-18,15-18,15-18,09-12|12-15|15-18
2026/02/22 6:42:18 PM EST,Claderous,America/Chicago,No,09-12,None,None,None,None,None,09-12|12-15|15-18
2026/02/22 7:16:10 PM EST,Zwift,Europe/Zurich,No,21-24,21-24,21-24,21-24,21-24,00-03|21-24,00-03|21-24
2026/02/22 7:56:47 PM EST,Ardesco,Europe/London,No,18-21|21-24,18-21|21-24,18-21|21-24,None,None,None,18-21|21-24
2026/02/22 8:14:13 PM EST,King Coop ,America/Kentucky/Louisville,Yes,15-18|18-21,15-18|18-21,15-18|18-21,15-18|18-21,15-18|18-21,15-18|18-21|21-24,None
2026/02/22 8:33:46 PM EST,Keeanue,Europe/Oslo,Yes,21-24,21-24,21-24,21-24,21-24,21-24,21-24
2026/02/22 10:47:41 PM EST,Joe Robinet,America/Los_Angeles,No,09-12|12-15|15-18|18-21,18-21|21-24,18-21|21-24,18-21|21-24,18-21|21-24,18-21|21-24,09-12|12-15|15-18|18-21|21-24
2026/02/23 1:15:41 AM EST,Ignavus,Europe/Amsterdam,No,18-21,18-21,None,18-21,None,18-21,18-21
2026/02/23 1:59:01 AM EST,Willscarlet,Europe/Berlin,No,18-21|21-24,21-24,21-24,21-24,21-24,None,None
2026/02/23 4:11:59 AM EST,It's Sushi,Asia/Tokyo,Yes,18-21|21-24,21-24,21-24,21-24,21-24,21-24,18-21|21-24
2026/02/23 8:50:02 AM EST,TechnoKnight,Etc/GMT-3,No,21-24,21-24,21-24,21-24,21-24,21-24,21-24
2026/02/24 1:36:29 PM EST,Joe Dirte,America/Los_Angeles,Yes,09-12|12-15|15-18|18-21|21-24,09-12|12-15|15-18|18-21|21-24,09-12|12-15|15-18|18-21|21-24,09-12|12-15|15-18|18-21|21-24,09-12|12-15|15-18|18-21|21-24,09-12|12-15|15-18|18-21|21-24,09-12|12-15|15-18|18-21|21-24
2026/02/24 1:36:34 PM EST,Dynamiite,America/Los_Angeles,Yes,12-15,09-12,09-12,09-12,09-12,09-12,12-15
2026/02/25 11:37:41 AM EST,Raskolnikov Suka,Europe/Istanbul,No,18-21,18-21,18-21,18-21,18-21,18-21,18-21
2026/02/25 11:39:15 AM EST,jabi,America/Los_Angeles,No,18-21|21-24,12-15|15-18|18-21,12-15|15-18|18-21,12-15|15-18|18-21,12-15|15-18|18-21,18-21|21-24,18-21|21-24
2026/02/25 11:49:42 AM EST,Chill Beats,America/Los_Angeles,No,12-15,09-12|15-18,09-12|15-18,09-12|15-18,09-12|15-18,09-12,09-12|12-15
2026/02/25 12:18:12 PM EST,Angela Lonewolf,America/New_York,No,06-09|09-12,09-12|12-15|15-18,09-12|12-15|15-18,09-12|12-15|15-18,09-12|12-15|15-18,09-12,09-12
2026/02/25 12:26:39 PM EST,Oderus-Urungus ,America/New_York,Yes,00-03,00-03,00-03,00-03,00-03,00-03,00-03
2026/02/25 12:36:08 PM EST,Aelisen,Europe/Helsinki,Yes,12-15|15-18|18-21,12-15|15-18|18-21,12-15|15-18|18-21,12-15|15-18|18-21,12-15|15-18|18-21,12-15|15-18|18-21,12-15|15-18|18-21
2026/02/25 1:00:29 PM EST,Ocello,America/Anchorage,No,18-21,18-21,18-21,18-21,18-21,18-21,18-21
2026/02/25 1:26:42 PM EST,Xandrak,America/Chicago,Yes,06-09|09-12|18-21|21-24,18-21,18-21,18-21,18-21,18-21,06-09|09-12|18-21|21-24
2026/02/25 1:36:05 PM EST,Omni Scient,Europe/Helsinki,No,18-21,18-21,18-21,18-21,18-21,18-21,18-21
2026/02/25 2:00:02 PM EST,Highway to Hell,America/New_York,Yes,12-15|15-18|18-21,18-21,18-21,18-21,18-21,18-21,None
2026/02/26 10:38:15 PM EST,Luminosity,Asia/Singapore,Yes,21-24,21-24,21-24,21-24,21-24,21-24,21-24
2026/03/02 9:35:24 PM EST,One Bad Banana,America/Chicago,No,06-09|09-12|12-15|15-18|18-21,18-21,18-21,18-21,18-21,18-21,06-09|09-12|12-15|15-18|18-21
